Trainer,Rating,Review
Jennifer Brown,2,Trainer Trainer1 is not good! I would rate them 2/5.
Jennifer Brown,1,Trainer Trainer1 is worst! I would rate them 1/5.
Jennifer Brown,3,Trainer Trainer1 is good! I would rate them 3/5.
Jennifer Brown,4,Trainer Trainer1 is great! I would rate them 4/5.
Jennifer Brown,2,Trainer Trainer1 is not good! I would rate them 2/5.
Nicholas Johnson,3,Trainer Trainer2 is good! I would rate them 3/5.
Nicholas Johnson,4,Trainer Trainer2 is great! I would rate them 4/5.
Nicholas Johnson,2,Trainer Trainer2 is not good! I would rate them 2/5.
Nicholas Johnson,1,Trainer Trainer2 is worst! I would rate them 1/5.
Nicholas Johnson,2,Trainer Trainer2 is not good! I would rate them 2/5.
Lisa Johnson,3,Trainer Trainer3 is good! I would rate them 3/5.
Lisa Johnson,1,Trainer Trainer3 is worst! I would rate them 1/5.
Lisa Johnson,2,Trainer Trainer3 is not good! I would rate them 2/5.
Lisa Johnson,1,Trainer Trainer3 is worst! I would rate them 1/5.
Lisa Johnson,3,Trainer Trainer3 is good! I would rate them 3/5.
Sarah Wilson,4,Trainer Trainer4 is great! I would rate them 4/5.
Sarah Wilson,5,Trainer Trainer4 is perfect and awesome! I would rate them 5/5.
Sarah Wilson,2,Trainer Trainer4 is not good! I would rate them 2/5.
Sarah Wilson,3,Trainer Trainer4 is good! I would rate them 3/5.
Sarah Wilson,2,Trainer Trainer4 is not good! I would rate them 2/5.
Brian Miller,1,Trainer Trainer5 is worst! I would rate them 1/5.
Brian Miller,2,Trainer Trainer5 is not good! I would rate them 2/5.
Brian Miller,1,Trainer Trainer5 is worst! I would rate them 1/5.
Brian Miller,2,Trainer Trainer5 is not good! I would rate them 2/5.
Brian Miller,5,Trainer Trainer5 is perfect and awesome! I would rate them 5/5.
Michael Johnson,5,Trainer Trainer6 is perfect and awesome! I would rate them 5/5.
Michael Johnson,2,Trainer Trainer6 is not good! I would rate them 2/5.
Michael Johnson,4,Trainer Trainer6 is great! I would rate them 4/5.
Michael Johnson,2,Trainer Trainer6 is not good! I would rate them 2/5.
Michael Johnson,3,Trainer Trainer6 is good! I would rate them 3/5.
James Johnson,4,Trainer Trainer7 is great! I would rate them 4/5.
James Johnson,1,Trainer Trainer7 is worst! I would rate them 1/5.
James Johnson,2,Trainer Trainer7 is not good! I would rate them 2/5.
James Johnson,5,Trainer Trainer7 is perfect and awesome! I would rate them 5/5.
James Johnson,3,Trainer Trainer7 is good! I would rate them 3/5.
James Williams,1,Trainer Trainer8 is worst! I would rate them 1/5.
James Williams,5,Trainer Trainer8 is perfect and awesome! I would rate them 5/5.
James Williams,5,Trainer Trainer8 is perfect and awesome! I would rate them 5/5.
James Williams,4,Trainer Trainer8 is great! I would rate them 4/5.
James Williams,2,Trainer Trainer8 is not good! I would rate them 2/5.
Jennifer Davis,2,Trainer Trainer9 is not good! I would rate them 2/5.
Jennifer Davis,2,Trainer Trainer9 is not good! I would rate them 2/5.
Jennifer Davis,5,Trainer Trainer9 is perfect and awesome! I would rate them 5/5.
Jennifer Davis,2,Trainer Trainer9 is not good! I would rate them 2/5.
Jennifer Davis,4,Trainer Trainer9 is great! I would rate them 4/5.
Megan Wilson,3,Trainer Trainer10 is good! I would rate them 3/5.
Megan Wilson,2,Trainer Trainer10 is not good! I would rate them 2/5.
Megan Wilson,1,Trainer Trainer10 is worst! I would rate them 1/5.
Megan Wilson,5,Trainer Trainer10 is perfect and awesome! I would rate them 5/5.
Megan Wilson,4,Trainer Trainer10 is great! I would rate them 4/5.
Robert Martin,4,Trainer Trainer11 is great! I would rate them 4/5.
Robert Martin,2,Trainer Trainer11 is not good! I would rate them 2/5.
Robert Martin,2,Trainer Trainer11 is not good! I would rate them 2/5.
Robert Martin,4,Trainer Trainer11 is great! I would rate them 4/5.
Robert Martin,4,Trainer Trainer11 is great! I would rate them 4/5.
Michelle Hill,4,Trainer Trainer12 is great! I would rate them 4/5.
Michelle Hill,3,Trainer Trainer12 is good! I would rate them 3/5.
Michelle Hill,3,Trainer Trainer12 is good! I would rate them 3/5.
Michelle Hill,2,Trainer Trainer12 is not good! I would rate them 2/5.
Michelle Hill,2,Trainer Trainer12 is not good! I would rate them 2/5.
Jonathan Johnson,2,Trainer Trainer13 is not good! I would rate them 2/5.
Jonathan Johnson,3,Trainer Trainer13 is good! I would rate them 3/5.
Jonathan Johnson,3,Trainer Trainer13 is good! I would rate them 3/5.
Jonathan Johnson,1,Trainer Trainer13 is worst! I would rate them 1/5.
Jonathan Johnson,5,Trainer Trainer13 is perfect and awesome! I would rate them 5/5.
Stephanie Wilson,3,Trainer Trainer14 is good! I would rate them 3/5.
Stephanie Wilson,3,Trainer Trainer14 is good! I would rate them 3/5.
Stephanie Wilson,3,Trainer Trainer14 is good! I would rate them 3/5.
Stephanie Wilson,5,Trainer Trainer14 is perfect and awesome! I would rate them 5/5.
Stephanie Wilson,3,Trainer Trainer14 is good! I would rate them 3/5.
Brian Martin,5,Trainer Trainer15 is perfect and awesome! I would rate them 5/5.
Brian Martin,2,Trainer Trainer15 is not good! I would rate them 2/5.
Brian Martin,1,Trainer Trainer15 is worst! I would rate them 1/5.
Brian Martin,5,Trainer Trainer15 is perfect and awesome! I would rate them 5/5.
Brian Martin,3,Trainer Trainer15 is good! I would rate them 3/5.
Nicholas Johnson,2,Trainer Trainer16 is not good! I would rate them 2/5.
Nicholas Johnson,2,Trainer Trainer16 is not good! I would rate them 2/5.
Nicholas Johnson,5,Trainer Trainer16 is perfect and awesome! I would rate them 5/5.
Nicholas Johnson,2,Trainer Trainer16 is not good! I would rate them 2/5.
Nicholas Johnson,1,Trainer Trainer16 is worst! I would rate them 1/5.
Mark Wilson,5,Trainer Trainer17 is perfect and awesome! I would rate them 5/5.
Mark Wilson,4,Trainer Trainer17 is great! I would rate them 4/5.
Mark Wilson,4,Trainer Trainer17 is great! I would rate them 4/5.
Mark Wilson,2,Trainer Trainer17 is not good! I would rate them 2/5.
Mark Wilson,1,Trainer Trainer17 is worst! I would rate them 1/5.
Lisa Garcia,2,Trainer Trainer18 is not good! I would rate them 2/5.
Lisa Garcia,2,Trainer Trainer18 is not good! I would rate them 2/5.
Lisa Garcia,1,Trainer Trainer18 is worst! I would rate them 1/5.
Lisa Garcia,2,Trainer Trainer18 is not good! I would rate them 2/5.
Lisa Garcia,4,Trainer Trainer18 is great! I would rate them 4/5.
Jessica Williams,2,Trainer Trainer19 is not good! I would rate them 2/5.
Jessica Williams,4,Trainer Trainer19 is great! I would rate them 4/5.
Jessica Williams,4,Trainer Trainer19 is great! I would rate them 4/5.
Jessica Williams,1,Trainer Trainer19 is worst! I would rate them 1/5.
Jessica Williams,3,Trainer Trainer19 is good! I would rate them 3/5.
Michael Smith,1,Trainer Trainer20 is worst! I would rate them 1/5.
Michael Smith,3,Trainer Trainer20 is good! I would rate them 3/5.
Michael Smith,5,Trainer Trainer20 is perfect and awesome! I would rate them 5/5.
Michael Smith,5,Trainer Trainer20 is perfect and awesome! I would rate them 5/5.
Michael Smith,5,Trainer Trainer20 is perfect and awesome! I would rate them 5/5.
Michelle Smith,4,Trainer Trainer21 is great! I would rate them 4/5.
Michelle Smith,1,Trainer Trainer21 is worst! I would rate them 1/5.
Michelle Smith,5,Trainer Trainer21 is perfect and awesome! I would rate them 5/5.
Michelle Smith,5,Trainer Trainer21 is perfect and awesome! I would rate them 5/5.
Michelle Smith,5,Trainer Trainer21 is perfect and awesome! I would rate them 5/5.
Christopher Davis,1,Trainer Trainer22 is worst! I would rate them 1/5.
Christopher Davis,1,Trainer Trainer22 is worst! I would rate them 1/5.
Christopher Davis,2,Trainer Trainer22 is not good! I would rate them 2/5.
Christopher Davis,3,Trainer Trainer22 is good! I would rate them 3/5.
Christopher Davis,2,Trainer Trainer22 is not good! I would rate them 2/5.
Megan Wilson,2,Trainer Trainer23 is not good! I would rate them 2/5.
Megan Wilson,5,Trainer Trainer23 is perfect and awesome! I would rate them 5/5.
Megan Wilson,5,Trainer Trainer23 is perfect and awesome! I would rate them 5/5.
Megan Wilson,3,Trainer Trainer23 is good! I would rate them 3/5.
Megan Wilson,4,Trainer Trainer23 is great! I would rate them 4/5.
Jennifer Martin,3,Trainer Trainer24 is good! I would rate them 3/5.
Jennifer Martin,3,Trainer Trainer24 is good! I would rate them 3/5.
Jennifer Martin,3,Trainer Trainer24 is good! I would rate them 3/5.
Jennifer Martin,2,Trainer Trainer24 is not good! I would rate them 2/5.
Jennifer Martin,1,Trainer Trainer24 is worst! I would rate them 1/5.
Jonathan Martin,3,Trainer Trainer25 is good! I would rate them 3/5.
Jonathan Martin,1,Trainer Trainer25 is worst! I would rate them 1/5.
Jonathan Martin,4,Trainer Trainer25 is great! I would rate them 4/5.
Jonathan Martin,2,Trainer Trainer25 is not good! I would rate them 2/5.
Jonathan Martin,1,Trainer Trainer25 is worst! I would rate them 1/5.
Brian Wilson,5,Trainer Trainer26 is perfect and awesome! I would rate them 5/5.
Brian Wilson,5,Trainer Trainer26 is perfect and awesome! I would rate them 5/5.
Brian Wilson,1,Trainer Trainer26 is worst! I would rate them 1/5.
Brian Wilson,1,Trainer Trainer26 is worst! I would rate them 1/5.
Brian Wilson,3,Trainer Trainer26 is good! I would rate them 3/5.
Michelle Wilson,3,Trainer Trainer27 is good! I would rate them 3/5.
Michelle Wilson,2,Trainer Trainer27 is not good! I would rate them 2/5.
Michelle Wilson,5,Trainer Trainer27 is perfect and awesome! I would rate them 5/5.
Michelle Wilson,4,Trainer Trainer27 is great! I would rate them 4/5.
Michelle Wilson,1,Trainer Trainer27 is worst! I would rate them 1/5.
Megan Wilson,4,Trainer Trainer28 is great! I would rate them 4/5.
Megan Wilson,3,Trainer Trainer28 is good! I would rate them 3/5.
Megan Wilson,5,Trainer Trainer28 is perfect and awesome! I would rate them 5/5.
Megan Wilson,2,Trainer Trainer28 is not good! I would rate them 2/5.
Megan Wilson,3,Trainer Trainer28 is good! I would rate them 3/5.
Megan Wilson,1,Trainer Trainer29 is worst! I would rate them 1/5.
Megan Wilson,3,Trainer Trainer29 is good! I would rate them 3/5.
Megan Wilson,3,Trainer Trainer29 is good! I would rate them 3/5.
Megan Wilson,3,Trainer Trainer29 is good! I would rate them 3/5.
Megan Wilson,5,Trainer Trainer29 is perfect and awesome! I would rate them 5/5.
Robert Wilson,2,Trainer Trainer30 is not good! I would rate them 2/5.
Robert Wilson,2,Trainer Trainer30 is not good! I would rate them 2/5.
Robert Wilson,2,Trainer Trainer30 is not good! I would rate them 2/5.
Robert Wilson,2,Trainer Trainer30 is not good! I would rate them 2/5.
Robert Wilson,2,Trainer Trainer30 is not good! I would rate them 2/5.
Mark Wilson,1,Trainer Trainer31 is worst! I would rate them 1/5.
Mark Wilson,5,Trainer Trainer31 is perfect and awesome! I would rate them 5/5.
Mark Wilson,4,Trainer Trainer31 is great! I would rate them 4/5.
Mark Wilson,2,Trainer Trainer31 is not good! I would rate them 2/5.
Mark Wilson,5,Trainer Trainer31 is perfect and awesome! I would rate them 5/5.
Jessica Brown,2,Trainer Trainer32 is not good! I would rate them 2/5.
Jessica Brown,3,Trainer Trainer32 is good! I would rate them 3/5.
Jessica Brown,2,Trainer Trainer32 is not good! I would rate them 2/5.
Jessica Brown,3,Trainer Trainer32 is good! I would rate them 3/5.
Jessica Brown,5,Trainer Trainer32 is perfect and awesome! I would rate them 5/5.
Michelle Brown,3,Trainer Trainer33 is good! I would rate them 3/5.
Michelle Brown,2,Trainer Trainer33 is not good! I would rate them 2/5.
Michelle Brown,3,Trainer Trainer33 is good! I would rate them 3/5.
Michelle Brown,2,Trainer Trainer33 is not good! I would rate them 2/5.
Michelle Brown,2,Trainer Trainer33 is not good! I would rate them 2/5.
Jessica Smith,3,Trainer Trainer34 is good! I would rate them 3/5.
Jessica Smith,4,Trainer Trainer34 is great! I would rate them 4/5.
Jessica Smith,4,Trainer Trainer34 is great! I would rate them 4/5.
Jessica Smith,5,Trainer Trainer34 is perfect and awesome! I would rate them 5/5.
Jessica Smith,2,Trainer Trainer34 is not good! I would rate them 2/5.
Christopher Davis,1,Trainer Trainer35 is worst! I would rate them 1/5.
Christopher Davis,2,Trainer Trainer35 is not good! I would rate them 2/5.
Christopher Davis,5,Trainer Trainer35 is perfect and awesome! I would rate them 5/5.
Christopher Davis,2,Trainer Trainer35 is not good! I would rate them 2/5.
Christopher Davis,1,Trainer Trainer35 is worst! I would rate them 1/5.
Michelle Smith,2,Trainer Trainer36 is not good! I would rate them 2/5.
Michelle Smith,1,Trainer Trainer36 is worst! I would rate them 1/5.
Michelle Smith,1,Trainer Trainer36 is worst! I would rate them 1/5.
Michelle Smith,4,Trainer Trainer36 is great! I would rate them 4/5.
Michelle Smith,2,Trainer Trainer36 is not good! I would rate them 2/5.
Michelle Smith,2,Trainer Trainer37 is not good! I would rate them 2/5.
Michelle Smith,4,Trainer Trainer37 is great! I would rate them 4/5.
Michelle Smith,1,Trainer Trainer37 is worst! I would rate them 1/5.
Michelle Smith,5,Trainer Trainer37 is perfect and awesome! I would rate them 5/5.
Michelle Smith,4,Trainer Trainer37 is great! I would rate them 4/5.
Michelle Davis,5,Trainer Trainer38 is perfect and awesome! I would rate them 5/5.
Michelle Davis,4,Trainer Trainer38 is great! I would rate them 4/5.
Michelle Davis,1,Trainer Trainer38 is worst! I would rate them 1/5.
Michelle Davis,2,Trainer Trainer38 is not good! I would rate them 2/5.
Michelle Davis,3,Trainer Trainer38 is good! I would rate them 3/5.
Michelle Wilson,1,Trainer Trainer39 is worst! I would rate them 1/5.
Michelle Wilson,5,Trainer Trainer39 is perfect and awesome! I would rate them 5/5.
Michelle Wilson,1,Trainer Trainer39 is worst! I would rate them 1/5.
Michelle Wilson,4,Trainer Trainer39 is great! I would rate them 4/5.
Michelle Wilson,3,Trainer Trainer39 is good! I would rate them 3/5.
Stephanie Wilson,5,Trainer Trainer40 is perfect and awesome! I would rate them 5/5.
Stephanie Wilson,5,Trainer Trainer40 is perfect and awesome! I would rate them 5/5.
Stephanie Wilson,2,Trainer Trainer40 is not good! I would rate them 2/5.
Stephanie Wilson,4,Trainer Trainer40 is great! I would rate them 4/5.
Stephanie Wilson,2,Trainer Trainer40 is not good! I would rate them 2/5.
Lisa Wilson,5,Trainer Trainer41 is perfect and awesome! I would rate them 5/5.
Lisa Wilson,4,Trainer Trainer41 is great! I would rate them 4/5.
Lisa Wilson,5,Trainer Trainer41 is perfect and awesome! I would rate them 5/5.
Lisa Wilson,4,Trainer Trainer41 is great! I would rate them 4/5.
Lisa Wilson,3,Trainer Trainer41 is good! I would rate them 3/5.
Mark Martin,5,Trainer Trainer42 is perfect and awesome! I would rate them 5/5.
Mark Martin,3,Trainer Trainer42 is good! I would rate them 3/5.
Mark Martin,5,Trainer Trainer42 is perfect and awesome! I would rate them 5/5.
Mark Martin,1,Trainer Trainer42 is worst! I would rate them 1/5.
Mark Martin,2,Trainer Trainer42 is not good! I would rate them 2/5.
Michelle Wilson,2,Trainer Trainer43 is not good! I would rate them 2/5.
Michelle Wilson,1,Trainer Trainer43 is worst! I would rate them 1/5.
Michelle Wilson,1,Trainer Trainer43 is worst! I would rate them 1/5.
Michelle Wilson,5,Trainer Trainer43 is perfect and awesome! I would rate them 5/5.
Michelle Wilson,2,Trainer Trainer43 is not good! I would rate them 2/5.
Christopher Richardson,4,Trainer Trainer44 is great! I would rate them 4/5.
Christopher Richardson,3,Trainer Trainer44 is good! I would rate them 3/5.
Christopher Richardson,2,Trainer Trainer44 is not good! I would rate them 2/5.
Christopher Richardson,2,Trainer Trainer44 is not good! I would rate them 2/5.
Christopher Richardson,5,Trainer Trainer44 is perfect and awesome! I would rate them 5/5.
Megan Martin,2,Trainer Trainer45 is not good! I would rate them 2/5.
Megan Martin,5,Trainer Trainer45 is perfect and awesome! I would rate them 5/5.
Megan Martin,3,Trainer Trainer45 is good! I would rate them 3/5.
Megan Martin,5,Trainer Trainer45 is perfect and awesome! I would rate them 5/5.
Megan Martin,1,Trainer Trainer45 is worst! I would rate them 1/5.
Michelle Wilson,5,Trainer Trainer46 is perfect and awesome! I would rate them 5/5.
Michelle Wilson,2,Trainer Trainer46 is not good! I would rate them 2/5.
Michelle Wilson,5,Trainer Trainer46 is perfect and awesome! I would rate them 5/5.
Michelle Wilson,5,Trainer Trainer46 is perfect and awesome! I would rate them 5/5.
Michelle Wilson,5,Trainer Trainer46 is perfect and awesome! I would rate them 5/5.
Michael Wilson,2,Trainer Trainer47 is not good! I would rate them 2/5.
Michael Wilson,4,Trainer Trainer47 is great! I would rate them 4/5.
Michael Wilson,3,Trainer Trainer47 is good! I would rate them 3/5.
Michael Wilson,5,Trainer Trainer47 is perfect and awesome! I would rate them 5/5.
Michael Wilson,2,Trainer Trainer47 is not good! I would rate them 2/5.
Jessica Brown,2,Trainer Trainer48 is not good! I would rate them 2/5.
Jessica Brown,4,Trainer Trainer48 is great! I would rate them 4/5.
Jessica Brown,2,Trainer Trainer48 is not good! I would rate them 2/5.
Jessica Brown,2,Trainer Trainer48 is not good! I would rate them 2/5.
Jessica Brown,1,Trainer Trainer48 is worst! I would rate them 1/5.
Jessica Smith,1,Trainer Trainer49 is worst! I would rate them 1/5.
Jessica Smith,4,Trainer Trainer49 is great! I would rate them 4/5.
Jessica Smith,1,Trainer Trainer49 is worst! I would rate them 1/5.
Jessica Smith,2,Trainer Trainer49 is not good! I would rate them 2/5.
Jessica Smith,3,Trainer Trainer49 is good! I would rate them 3/5.
Michael Wilson,2,Trainer Trainer50 is not good! I would rate them 2/5.
Michael Wilson,3,Trainer Trainer50 is good! I would rate them 3/5.
Michael Wilson,2,Trainer Trainer50 is not good! I would rate them 2/5.
Michael Wilson,3,Trainer Trainer50 is good! I would rate them 3/5.
Michael Wilson,4,Trainer Trainer50 is great! I would rate them 4/5.
